id,area,nome,inicio,prazo,responsavel,status,comentario,updated_at
,Adega de Fermento,INICIO DA RECOLHA DO FERMENTO,11/7/2022,11/19/2022,Vinicius/Edno,NOK,Faltando passo,
,Adega de Fermento,FINAL DA RECOLHA DO FERMENTO,11/7/2022,11/19/2022,Vinicius/Edno,NOK,Faltando passo,
,Adega de Fermento,TEMPERATURA RECOLHA DO FERMENTO - SAIDA RESFRIADOR,11/7/2022,11/19/2022,Vinicius/Edno,OK,,
,Adega de Fermento,Nº DE REUTILIZACAO DO FERMENTO,11/21/2022,12/3/2022,Vinicius/Edno,NOK,,
,Adega de Fermento,ESTOQUE DE FERMENTO NA TINA,11/21/2022,12/3/2022,Vinicius/Edno,NOK,,
,Adega de Fermento,DESCARTE DO FERMENTO NO INICIO E FINAL DA RECOLHA,11/21/2022,12/3/2022,Vinicius/Edno,NOK,,
,Adega de Fermento,MASSA DE FERMENTO ( RECOLHIDO + DESCARTADO ),11/21/2022,12/3/2022,Vinicius/Edno,NOK,,
,Adega de Fermento,VOLUME X COMPACTACAO DE FERMENTO RECOLHIDO,11/21/2022,12/3/2022,Vinicius/Edno,NOK,,
,Adega de Fermento,TEMPERATURA PARA RECOLHA OU DESCARTE DO FERMENTO NAO R,11/21/2022,12/3/2022,Vinicius/Edno,NOK,,
,Adega de Fermento,TEMPERATURA PARA RECOLHA OU DESCARTE DO FERMENTO R,11/21/2022,12/3/2022,Vinicius/Edno,NOK,,
,Brassagem 01,MOSTO BASICO DA MARCA NO PROD.ACABADO-FABRICO,11/7/2022,11/19/2022,Carlos/Edno,NOK,,
,Brassagem 01,NOMINAL DA SALA DE BRASSAGEM EM MOSTO QUENTE,11/7/2022,11/19/2022,Carlos/Edno,NOK,,
,Brassagem 01,A FERVURA DO MOSTO E CONVENCIONAL,11/7/2022,11/19/2022,Carlos/Edno,NOK,,
,Brassagem 01,A FERVURA DO MOSTO E MSB,11/7/2022,11/19/2022,Carlos/Edno,NOK,,
,Brassagem 01,FINAL DA ARRIADA,11/7/2022,11/19/2022,Carlos/Edno,NOK,,
,Brassagem 01,FINAL DA EXTRACAO DO MOSTO PRIMARIO,11/7/2022,11/19/2022,Carlos/Edno,NOK,,
,Brassagem 01,FINAL DA FERVURA,11/7/2022,11/19/2022,Carlos/Edno,NOK,,
,Brassagem 01,FINAL DA FILTRACAO,11/7/2022,11/19/2022,Carlos/Edno,NOK,,
,Brassagem 01,FINAL DA RECIRCULACAO - TF,11/7/2022,11/19/2022,Carlos/Edno,NOK,,
,Brassagem 01,FINAL DA REMOCAO DO BAGACO,11/7/2022,11/19/2022,Carlos/Edno,NOK,,
,Brassagem 01,FINAL DA TRASFEGA DO COZINHADOR PARA O DECANTADOR,11/7/2022,11/19/2022,Carlos/Edno,NOK,,
,Brassagem 01,FINAL DA TRASFEGA DO TQ. INTERMEDIARIO PARA O COZINHADOR,11/7/2022,11/19/2022,Carlos/Edno,NOK,,
,Brassagem 01,FINAL DE ELEVACAO PARA TRANSFERENCIA,11/7/2022,11/19/2022,Carlos/Edno,NOK,,
,Brassagem 01,FINAL DE ENCHIMENTO,11/7/2022,11/19/2022,Carlos/Edno,NOK,,
,Brassagem 01,FINAL DE LIMPEZA DO WHIRLPOOL (FIM DE RETIRADA TRUB QUENTE),11/7/2022,11/19/2022,Carlos/Edno,NOK,,
,Brassagem 01,FINAL DO PRIMERIO REPOUSO,11/7/2022,11/19/2022,Carlos/Edno,NOK,,
,Brassagem 01,FINAL DO RESFRIAMENTO,11/7/2022,11/19/2022,Carlos/Edno,NOK,,
,Brassagem 01,FINAL DO SEGUNDO REPOUSO,11/7/2022,11/19/2022,Carlos/Edno,NOK,,
,Brassagem 01,INICIO DA ARRIADA,11/7/2022,11/19/2022,Carlos/Edno,NOK,,
,Brassagem 01,INICIO DA FERVURA,11/7/2022,11/19/2022,Carlos/Edno,NOK,,
,Brassagem 01,INICIO DA REMOCAO DO BAGACO,11/7/2022,11/19/2022,Carlos/Edno,NOK,,
,Brassagem 01,INICIO DA TRASFEGA DO COZINHADOR PARA O DECANTADOR,11/7/2022,11/19/2022,Carlos/Edno,NOK,,
,Brassagem 01,INICIO DA TRASFEGA DO TQ. INTERMEDIARIO PARA O COZINHADOR,11/7/2022,11/19/2022,Carlos/Edno,NOK,,
,Brassagem 01,INICIO DE ENCHIMENTO,11/7/2022,11/19/2022,Carlos/Edno,NOK,,
,Brassagem 01,INICIO DE RECIRCULACAO - TF,11/7/2022,11/19/2022,Carlos/Edno,NOK,,
,Brassagem 01,INICIO DO AQUECIMENTO DO MOSTO PARA FERVURA,11/7/2022,11/19/2022,Carlos/Edno,NOK,,
,Brassagem 01,INICIO DO PRIMEIRO REPOUSO,11/7/2022,11/19/2022,Carlos/Edno,NOK,,
,Brassagem 01,INICIO DO RESFRIAMENTO,11/7/2022,11/19/2022,Carlos/Edno,NOK,,
,Brassagem 01,INICIO DO SEGUNDO REPOUSO,11/7/2022,11/19/2022,Carlos/Edno,NOK,,
,Brassagem 01,INICIO FILTRACAO DO MOSTO,11/7/2022,11/19/2022,Carlos/Edno,NOK,,
,Brassagem 01,CONCENTRACAO DE EXTRATO MOSTO PRIMARIO - TF,11/21/2022,12/3/2022,Carlos/Edno,NOK,NAO TEM MEDIDOR ,
,Brassagem 01,MASSA TOTAL DE AR INJETADA - MEDIDOR PRIMARIO,11/21/2022,12/3/2022,Carlos/Edno,NOK,,
,Brassagem 01,QUANTIDADE DE AGUA RECUPERADA,11/21/2022,12/3/2022,Carlos/Edno,NOK,DB ja cadastrada no IGS,
,Brassagem 01,QUANTIDADE TOTAL DE VAPOR DURANTE A FERVURA (KG),11/21/2022,12/3/2022,Carlos/Edno,NOK,NAO TEM MEDIDOR ,
,Brassagem 01,SET POINT DE TEMPO TOTAL DE MOSTURA,11/21/2022,12/3/2022,Carlos/Edno,NOK,,
,Brassagem 01,TEMPO DE ARMAZENAMENTO - RECUP.ULTIMA AGUA,11/21/2022,12/3/2022,Carlos/Edno,NOK,,
,Brassagem 01,VAZAO DE BORBULHAMENTO DE GAS CO2 OU N2 POR VOL MOSTO DUR.FC,11/21/2022,12/3/2022,Carlos/Edno,NOK,NAO TEM MEDIDOR ,
,Brassagem 01,VOLUME DA 1ª AGUA DE LAVAGEM,11/21/2022,12/3/2022,Carlos/Edno,NOK,DB ja cadastrada no IGS,
,Brassagem 01,VOLUME DA CALDEIRA SEM HIGH MALTOSE,11/21/2022,12/3/2022,Carlos/Edno,NOK,DB ja cadastrada no IGS,
,Brassagem 01,VOLUME DE AGUA BASE,11/21/2022,12/3/2022,Carlos/Edno,NOK,DB ja cadastrada no IGS,
,Brassagem 01,VOLUME DE AGUA FRIA UTILIZADA NO RESFRIAMENTO DE MOSTO,11/21/2022,12/3/2022,Carlos/Edno,NOK,DB ja cadastrada no IGS,
,Brassagem 01,VOLUME DE APRONTE (INTERFACE SAP),11/21/2022,12/3/2022,Carlos/Edno,NOK,MEDIDOR NAO FUNCIONA ,
,Brassagem 01,VOLUME DE ENXAGUE DO TANQUE INTERMEDIARIO PARA COZINHADOR,11/21/2022,12/3/2022,Carlos/Edno,NOK,NAO TEM MEDIDOR ,
,Brassagem 01,VOLUME DE ENXAGUE PARA WHIRPOOL,11/21/2022,12/3/2022,Carlos/Edno,NOK,DB ja cadastrada no IGS,
,Brassagem 01,VOLUME DE MOSTO PRIMARIO,11/21/2022,12/3/2022,Carlos/Edno,NOK,DB ja cadastrada no IGS,
,Brassagem 01,VOLUME DE MOSTO SECUNDARIO,11/21/2022,12/3/2022,Carlos/Edno,NOK,DB ja cadastrada no IGS,
,Brassagem 01,VOLUME DO MOSTO RESFRIADO,11/21/2022,12/3/2022,Carlos/Edno,NOK,DB ja cadastrada no IGS,
,Brassagem 01,TEMPERATURA DA AGUA DE LAVAGEM - TF,11/21/2022,12/3/2022,Carlos/Edno,NOK,DB ja cadastrada no IGS,
,Brassagem 01,TEMPERATURA DA AGUA GELADA DURANTE O RESFRIAMENTO DE MOSTO,11/21/2022,12/3/2022,Carlos/Edno,NOK,DB ja cadastrada no IGS,
,Brassagem 01,TEMPERATURA DE ARRIADA,11/21/2022,12/3/2022,Carlos/Edno,NOK,DB ja cadastrada no IGS,
,Brassagem 01,TEMPERATURA DE SAIDA DE AGUA QUENTE DO RESFRIAMENTO,11/21/2022,12/3/2022,Carlos/Edno,NOK,DB ja cadastrada no IGS,
,Brassagem 01,TEMPERATURA DE SAIDA DO MOSTO,11/21/2022,12/3/2022,Carlos/Edno,NOK,DB ja cadastrada no IGS,
,Brassagem 01,TEMPERATURA DO PRIMEIRO REPOUSO,11/21/2022,12/3/2022,Carlos/Edno,NOK,DB ja cadastrada no IGS,
,Brassagem 01,TEMPERATURA DO SEGUNDO REPOUSO,11/21/2022,12/3/2022,Carlos/Edno,NOK,DB ja cadastrada no IGS,
,Brassagem 01,TEMPERATURA DO ULTIMO REPOUSO,11/21/2022,12/3/2022,Carlos/Edno,NOK,DB ja cadastrada no IGS,
,Brassagem 01,TEMPERATURA MOSTO FRIO,11/21/2022,12/3/2022,Carlos/Edno,NOK,DB ja cadastrada no IGS,
,Brassagem 02,TEMPERATURA DE ARRIADA,6/1/2022,6/8/2022,Vinicius/Carlos,OK,,
,Brassagem 02,INICIO DO SEGUNDO REPOUSO,6/1/2022,6/8/2022,Vinicius/Carlos,OK,,
,Brassagem 02,INICIO DO PRIMEIRO REPOUSO,6/1/2022,6/8/2022,Vinicius/Carlos,OK,,
,Brassagem 02,FINAL DO PRIMERIO REPOUSO,6/1/2022,6/8/2022,Vinicius/Carlos,OK,,
,Brassagem 02,TEMPERATURA DO PRIMEIRO REPOUSO,6/1/2022,6/8/2022,Vinicius/Carlos,OK,,
,Brassagem 02,FINAL DO SEGUNDO REPOUSO,6/10/2022,6/8/2022,Vinicius/Carlos,OK,,
,Brassagem 02,TEMPERATURA DO SEGUNDO REPOUSO,6/10/2022,6/8/2022,Vinicius/Carlos,OK,,
,Brassagem 02,FINAL DA FILTRACAO,6/10/2022,6/15/2022,Vinicius/Carlos,OK,,
,Brassagem 02,INICIO DA FERVURA,6/10/2022,6/15/2022,Vinicius/Carlos,OK,,
,Brassagem 02,FINAL DA REMOCAO DO BAGACO,6/10/2022,6/15/2022,Vinicius/Carlos,OK,,
,Brassagem 02,FINAL DA FERVURA,6/15/2022,6/22/2022,Vinicius/Carlos,OK,,
,Brassagem 02,INICIO DA TRASFEGA DO COZINHADOR PARA O DECANTADOR,6/15/2022,6/22/2022,Vinicius/Carlos,OK,,
,Brassagem 02,FINAL DA TRASFEGA DO COZINHADOR PARA O DECANTADOR,6/15/2022,6/22/2022,Vinicius/Carlos,OK,,
,Brassagem 02,FINAL DA ARRIADA,7/1/2022,7/10/2022,Vinicius/Carlos,OK,,
,Brassagem 02,FINAL DE ELEVACAO PARA TRANSFERENCIA,7/1/2022,7/10/2022,Vinicius/Carlos,OK,,
,Brassagem 02,TEMPERATURA DO ULTIMO REPOUSO,7/1/2022,7/10/2022,Vinicius/Carlos,OK,,
,Brassagem 02,INICIO DE ENCHIMENTO,7/5/2022,7/10/2022,Vinicius/Carlos,OK,,
,Brassagem 02,FINAL DE ENCHIMENTO,7/5/2022,7/10/2022,Vinicius/Carlos,OK,,
,Brassagem 02,INICIO DE RECIRCULACAO-TF,7/5/2022,7/10/2022,Vinicius/Carlos,OK,,
,Brassagem 02,FINAL DA RECIRCULACAO-TF,7/15/2022,7/26/2022,Vinicius/Carlos,OK,,
,Brassagem 02,INICIO FILTRACAO DO MOSTO,7/15/2022,7/26/2022,Vinicius/Carlos,OK,,
,Brassagem 02,FINAL DA EXTRACAO DO MOSTO PRIMARIO,7/15/2022,7/26/2022,Vinicius/Carlos,OK,,
,Brassagem 02,MOSTO BASICO DA MARCA NO PROD.ACABADO-FABRICO,8/1/2022,8/22/2022,Vinicius/Carlos,OK,,
,Brassagem 02,INICIO DA TRASFEGA DO TQ. INTERMEDIARIO PARA O COZINHADOR,8/1/2022,8/22/2022,Vinicius/Carlos,OK,,
,Brassagem 02,FINAL DA TRASFEGA DO TQ. INTERMEDIARIO PARA O COZINHADOR,8/1/2022,8/22/2022,Vinicius/Carlos,OK,,
,Brassagem 02,VOLUME DE MOSTO PRIMARIO,8/1/2022,8/22/2022,Vinicius/Carlos,OK,,
,Brassagem 02,VOLUME DE MOSTO SECUNDARIO,9/5/2022,9/9/2022,Vinicius/Carlos,OK,,
,Brassagem 02,VOLUME DE AGUA BASE,9/5/2022,9/9/2022,Vinicius/Carlos,OK,,
,Brassagem 02,VOLUME DA 1ª AGUA DE LAVAGEM,9/5/2022,9/9/2022,Vinicius/Carlos,OK,,
,Brassagem 02,CONCENTRACAO DE EXTRATO MOSTO PRIMARIO TF,9/5/2022,9/9/2022,Carlos/Edno,OK,,
,Brassagem 02,INICIO DO AQUECIMENTO DO MOSTO PARA FERVURA,9/5/2022,9/9/2022,Carlos/Edno,OK,,
,Brassagem 02,QUANTIDADE TOTAL DE VAPOR DURANTE A FERVURA(KG),9/5/2022,9/9/2022,Carlos/Edno,OK,,
,Brassagem 02,VOLUME DE APRONTE (INTERFACE SAP),9/12/2022,9/16/2022,Vinicius/Carlos,OK,,
,Brassagem 02,A FERVURA DO MOSTO E CONVENCIONAL,9/12/2022,9/16/2022,Vinicius/Carlos,OK,,
,Brassagem 02,A FERVURA DO MOSTO E MSB,9/12/2022,9/16/2022,Vinicius/Carlos,OK,,
,Brassagem 02,MASSA TOTAL DE AR INJETADA - MEDIDOR PRIMARIO,9/12/2022,9/16/2022,Vinicius/Carlos,OK,,
,Brassagem 02,FINAL DE LIMPEZA DO WHIRLPOOL (FIM DE RETIRADA TRUB QUENTE),9/12/2022,9/16/2022,Carlos/Edno,OK,,
,Brassagem 02,TEMPERATURA DE SAIDA DO MOSTO,9/12/2022,9/23/2022,Vinicius/Carlos,OK,,
,Brassagem 02,INICIO DA REMOCAO DO BAGACO,9/19/2022,9/23/2022,Vinicius/Carlos,OK,,
,Brassagem 02,VOLUME DO MOSTO RESFRIADO,9/19/2022,9/23/2022,Vinicius/Carlos,OK,,
,Brassagem 02,VOLUME DA CALDEIRA SEM HIGH MALTOSE,9/19/2022,9/23/2022,Carlos/Edno,OK,,
,Brassagem 02,VAZAO DE BORBULHAMENTO DE GAS CO2 OU N2 POR VOL MOSTO DUR.FC,9/19/2022,9/23/2022,Carlos/Edno,OK,,
,L502,LADO DE PASSAGEM DO RED POST,8/1/2022,8/13/2022,Luis/Edno,AND,Aguardando Aprovacao da Qualidade,
,Brassagem 02,FINAL DO RESFRIAMENTO,9/12/2022,9/30/2022,Vinicius/Carlos,OK,,
,Brassagem 02,INICIO DO RESFRIAMENTO,9/12/2022,9/30/2022,Vinicius/Carlos,OK,,
,Brassagem 02,TEMPERATURA MOSTO FRIO,9/12/2022,9/30/2022,Vinicius/Carlos,OK,,
,Brassagem 02,TEMPERATURA DE SAIDA DE AGUA QUENTE DO RESFRIAMENTO,9/12/2022,9/30/2022,Vinicius/Carlos,OK,,
,Brassagem 02,VOLUME DE ENXAGUE PARA WHIRPOOL,9/19/2022,9/30/2022,Vinicius/Carlos,OK,,
,Brassagem 02,TEMPERATURA DA AGUA DE LAVAGEM - TF,9/26/2022,9/30/2022,Carlos/Edno,OK,,
,L502,TEMPERATURA DO PRODUTO NA SAIDA DO PZ,8/1/2022,8/13/2022,Luis/Edno,AND,Aguardando Aprovacao da Qualidade,
,L502,TEMPO TOTAL DE PASSAGEM DO TERMOGRAFO,8/1/2022,8/13/2022,Luis/Edno,AND,Aguardando Aprovacao da Qualidade,
,Brassagem 02,QUANTIDADE DE AGUA RECUPERADA,9/26/2022,9/30/2022,Carlos/Edno,OK,,
,Brassagem 02,NOMINAL DA SALA DE BRASSAGEM EM MOSTO QUENTE,9/26/2022,9/30/2022,Carlos/Edno,OK,,
,L502,TEMPERATURA DE PASTEURIZACAO,8/1/2022,8/13/2022,Luis/Edno,AND,Aguardando Aprovacao da Qualidade,
,L502,UNIDADE DE PASTEURIZACAO TERMOGRAFO,8/1/2022,8/13/2022,Luis/Edno,AND,Aguardando Aprovacao da Qualidade,
,L503,LADO DE PASSAGEM DO RED POST,8/1/2022,8/13/2022,Luis/Edno,AND,Aguardando Aprovacao da Qualidade,
,Filtracao 01,VOLUME ACUMULADO FILTRADO,10/31/2022,11/5/2022,Vinicius/Edno,NOK,DB ja cadastrada no IGS,
,Filtracao 01,VAZAO,10/31/2022,11/5/2022,Vinicius/Edno,NOK,DB ja cadastrada no IGS,
,Filtracao 01,DIFERENCIAL DE PRESSAO,10/31/2022,11/5/2022,Vinicius/Edno,NOK,DB ja cadastrada no IGS,
,Filtracao 01,PRESSAO DE ENTRADA,10/31/2022,11/5/2022,Vinicius/Edno,NOK,DB ja cadastrada no IGS,
,Filtracao 01,PRESSAO DE SAIDA,10/31/2022,11/5/2022,Vinicius/Edno,NOK,DB ja cadastrada no IGS,
,Filtracao 01,TURBIDEZ,10/31/2022,11/5/2022,Vinicius/Edno,NOK,DB ja cadastrada no IGS,
,Filtracao 01,TURBIDEZ DA CERVEJA NA SAIDA DA FILTRACAO,10/31/2022,11/5/2022,Vinicius/Edno,NOK,DB ja cadastrada no IGS,
,Filtracao 01,TURBIDEZ A 0ºC,10/31/2022,11/5/2022,Vinicius/Edno,NOK,DB ja cadastrada no IGS,
,Filtracao 01,TEMPERATURA DA CERVEJA,10/31/2022,11/5/2022,Vinicius/Edno,NOK,DB ja cadastrada no IGS,
,Filtracao 01,VOLUME FILTRADO (COLETA) NO MOMENTO DA CIRCULACAO,10/31/2022,11/5/2022,Vinicius/Edno,NOK,DB ja cadastrada no IGS,
,Filtracao 01,HORA INICIO DA CIRCULACAO,10/31/2022,11/5/2022,Vinicius/Edno,NOK,DB ja cadastrada no IGS,
,Filtracao 01,HORA FINAL DA CIRCULACAO,10/31/2022,11/5/2022,Vinicius/Edno,NOK,DB ja cadastrada no IGS,
,Filtracao 01,TEMPO DE CIRCULACAO DO FILTRO,10/31/2022,11/5/2022,Vinicius/Edno,NOK,DB ja cadastrada no IGS,
,Filtracao 01,FINAL DA FILTRACAO (APONTAMENTO SAP),10/31/2022,11/5/2022,Vinicius/Edno,NOK,DB ja cadastrada no IGS,
,Filtracao 01,PRESSAO FINAL DO CICLO,10/31/2022,11/5/2022,Vinicius/Edno,NOK,DB ja cadastrada no IGS,
,Filtracao 01,DP FINAL DO CICLO,10/31/2022,11/5/2022,Vinicius/Edno,NOK,DB ja cadastrada no IGS,
,Filtracao 01,HORA INICIO DE ENVIO DE CERVEJA PARA A FILTRACAO,10/31/2022,11/5/2022,Vinicius/Edno,NOK,DB ja cadastrada no IGS,
,Filtracao 01,HORA FINAL DE ENVIO DE CERVEJA PARA A FILTRACAO,10/31/2022,11/5/2022,Vinicius/Edno,NOK,DB ja cadastrada no IGS,
,Filtracao 01,MEDIDOR DE VAZAO INICIO DO MATURADOR,10/31/2022,11/5/2022,Vinicius/Edno,NOK,,
,Filtracao 01,MEDIDOR DE VAZAO FINAL DO MATURADOR,10/31/2022,11/5/2022,Vinicius/Edno,NOK,,
,Filtracao 01,TEOR OXIGENIO DISSOLVIDO SEM ANTIOXIDANTE,11/28/2022,12/17/2022,Vinicius/Edno,NOK,,
,Filtracao 01,TEOR DE OXIGENIO NO INICIO DA FILTRACAO,11/28/2022,12/17/2022,Vinicius/Edno,NOK,,
,Filtracao 01,TEOR DE OXIGENIO NA ENTRADA DA FILTRACAO,11/28/2022,12/17/2022,Vinicius/Edno,NOK,,
,Filtracao 01,TEOR DE CO2 NA ENTRADA DA FILTRACAO,11/28/2022,12/17/2022,Vinicius/Edno,NOK,,
,Filtracao 01,TOTAL DE TERRA,11/28/2022,12/17/2022,Vinicius/Edno,NOK,DB ja cadastrada no IGS,
,Filtracao 01,DOSAGEM DE PVPP REGENERAVEL - UNIDADES COM FILTRO PVPP,11/28/2022,12/17/2022,Vinicius/Edno,NOK,,
,Filtracao 01,TEMPO DE PERMANENCIA NO IFF,11/28/2022,12/17/2022,Vinicius/Edno,NOK,,
,Filtracao 01,DOSAGEM DE IFF NA CERVEJA,11/28/2022,12/17/2022,Vinicius/Edno,NOK,,
,Filtracao 01,OXIGENIO NO INICIO DA FILTRACAO-BCI,11/28/2022,12/17/2022,Vinicius/Edno,NOK,,
,Filtracao 01,OXIGENIO NO FINAL DA FILTRACAO-BCI,11/28/2022,12/17/2022,Vinicius/Edno,NOK,,
,Filtracao 01,CONSUMO GAS CARBONICO - FILTRACAO (BENEFICIADO),11/28/2022,12/17/2022,Vinicius/Edno,NOK,,
,Filtracao 01,CONSUMO NITROGENIO - FILTRACAO (SAP:20116590/41004506),11/28/2022,12/17/2022,Vinicius/Edno,NOK,,
,Filtracao 01,MAIOR PICO DE OXIGENIO DURANTE A FILTRACAO,11/28/2022,12/17/2022,Vinicius/Edno,NOK,,
,Filtracao 01,TEMPO DE DURACAO DE OXIGENIO FORA DE ESPECIFICACAO - FILTRACAO,11/28/2022,12/17/2022,Vinicius/Edno,NOK,,
,Filtracao 01,MEDIDOR INICIAL DE LUPULO TETRA,12/19/2022,12/31/2022,Vinicius/Edno,NOK,,
,Filtracao 01,MEDIDOR FINAL DE LUPULO TETRA,12/19/2022,12/31/2022,Vinicius/Edno,NOK,,
,Filtracao 01,GESTAO DO EXTRATO PRIMITIVO NO BLENDADOR,12/19/2022,12/31/2022,Vinicius/Edno,NOK,,
,Filtracao 01,EXTRATO PRIMITIVO NO MATURADOR,12/19/2022,12/31/2022,Vinicius/Edno,NOK,,
,Filtracao 01,HORA INICIO DO ENVIO DA CERVEJA PARA ADP,12/19/2022,12/31/2022,Vinicius/Edno,NOK,,
,Filtracao 01,HORA FINAL DO ENVIO DA CERVEJA PARA ADP,12/19/2022,12/31/2022,Vinicius/Edno,NOK,,
,Filtracao 01,MEDIDOR INICIAL CERVEJA ENVIADA PARA ADP,12/19/2022,12/31/2022,Vinicius/Edno,NOK,,
,Filtracao 01,MEDIDOR FINAL CERVEJA ENVIADA PARA ADP,12/19/2022,12/31/2022,Vinicius/Edno,NOK,,
,Filtracao 01,VOLUME INICIAL DO TP,12/19/2022,12/31/2022,Vinicius/Edno,NOK,,
,Filtracao 01,VOLUME DE CERVEJA REFILTRADA,12/19/2022,12/31/2022,Vinicius/Edno,NOK,,
,Filtracao 01,EXTRATO PRIMITIVO-BLENDAGEM,12/19/2022,12/31/2022,Vinicius/Edno,NOK,,
,Filtracao 01,VOLUME INICIAL TQ PVPP REGENERAVEL,12/19/2022,12/31/2022,Vinicius/Edno,NOK,,
,Filtracao 01,VOLUME FINAL TQ PVPP REGENERAVEL,12/19/2022,12/31/2022,Vinicius/Edno,NOK,,
,Filtracao 02,VOLUME ACUMULADO FILTRADO,10/31/2022,11/5/2022,Vinicius/Edno,NOK,,
,Filtracao 02,VAZAO,10/31/2022,11/5/2022,Vinicius/Edno,NOK,,
,Filtracao 02,DIFERENCIAL DE PRESSAO,10/31/2022,11/5/2022,Vinicius/Edno,NOK,,
,Filtracao 02,PRESSAO DE ENTRADA,10/31/2022,11/5/2022,Vinicius/Edno,NOK,,
,Filtracao 02,PRESSAO DE SAIDA,10/31/2022,11/5/2022,Vinicius/Edno,NOK,,
,Filtracao 02,TURBIDEZ,10/31/2022,11/5/2022,Vinicius/Edno,NOK,,
,Filtracao 02,TURBIDEZ DA CERVEJA NA SAIDA DA FILTRACAO,10/31/2022,11/5/2022,Vinicius/Edno,NOK,,
,Filtracao 02,TURBIDEZ A 0ºC,10/31/2022,11/5/2022,Vinicius/Edno,NOK,,
,Filtracao 02,TEMPERATURA DA CERVEJA,10/31/2022,11/5/2022,Vinicius/Edno,NOK,,
,Filtracao 02,TEOR OXIGENIO DISSOLVIDO SEM ANTIOXIDANTE,10/31/2022,11/5/2022,Vinicius/Edno,NOK,,
,Filtracao 02,TEOR DE OXIGENIO NO INICIO DA FILTRACAO,10/31/2022,11/5/2022,Vinicius/Edno,NOK,,
,Filtracao 02,TEOR DE OXIGENIO NA ENTRADA DA FILTRACAO,10/31/2022,11/5/2022,Vinicius/Edno,NOK,,
,Filtracao 02,VOLUME FILTRADO (COLETA) NO MOMENTO DA CIRCULACAO,10/31/2022,11/5/2022,Vinicius/Edno,NOK,,
,Filtracao 02,HORA INICIO DA CIRCULACAO,10/31/2022,11/5/2022,Vinicius/Edno,NOK,,
,Filtracao 02,HORA FINAL DA CIRCULACAO,10/31/2022,11/5/2022,Vinicius/Edno,NOK,,
,Filtracao 02,TEMPO DE CIRCULACAO DO FILTRO,10/31/2022,11/5/2022,Vinicius/Edno,NOK,,
,Filtracao 02,TOTAL DE TERRA,10/31/2022,11/5/2022,Vinicius/Edno,NOK,,
,Filtracao 02,OXIGENIO NO INICIO DA FILTRACAO-BCI,10/31/2022,11/5/2022,Vinicius/Edno,NOK,,
,Filtracao 02,OXIGENIO NO FINAL DA FILTRACAO-BCI,10/31/2022,11/5/2022,Vinicius/Edno,NOK,,
,Filtracao 02,FINAL DA FILTRACAO (APONTAMENTO SAP),10/31/2022,11/5/2022,Vinicius/Edno,NOK,,
,Filtracao 02,PRESSAO FINAL DO CICLO,10/31/2022,11/5/2022,Vinicius/Edno,NOK,,
,Filtracao 02,DP FINAL DO CICLO,10/31/2022,11/5/2022,Vinicius/Edno,NOK,,
,Filtracao 02,MAIOR PICO DE OXIGENIO DURANTE A FILTRACAO,10/31/2022,11/5/2022,Vinicius/Edno,NOK,,
,Filtracao 02,TEMPO DE DURACAO DE OXIGENIO FORA DE ESPECIFICACAO - FILTRACAO,10/31/2022,11/5/2022,Vinicius/Edno,NOK,,
,Filtracao 02,HORA INICIO DE ENVIO DE CERVEJA PARA A FILTRACAO,10/31/2022,11/5/2022,Vinicius/Edno,NOK,,
,Filtracao 02,HORA FINAL DE ENVIO DE CERVEJA PARA A FILTRACAO,10/31/2022,11/5/2022,Vinicius/Edno,NOK,,
,Filtracao 02,MEDIDOR DE VAZAO INICIO DO MATURADOR,10/31/2022,11/5/2022,Vinicius/Edno,NOK,,
,Filtracao 02,MEDIDOR DE VAZAO FINAL DO MATURADOR,10/31/2022,11/5/2022,Vinicius/Edno,NOK,,
,Filtracao 02,TEOR DE CO2 NA ENTRADA DA FILTRACAO,11/28/2022,12/17/2022,Vinicius/Edno,NOK,,
,Filtracao 02,DOSAGEM DE PVPP REGENERAVEL - UNIDADES COM FILTRO PVPP,11/28/2022,12/17/2022,Vinicius/Edno,NOK,,
,Filtracao 02,TEMPO DE PERMANENCIA NO IFF,11/28/2022,12/17/2022,Vinicius/Edno,NOK,,
,Filtracao 02,DOSAGEM DE IFF NA CERVEJA,11/28/2022,12/17/2022,Vinicius/Edno,NOK,,
,Filtracao 02,CONSUMO GAS CARBONICO - FILTRACAO (BENEFICIADO),11/28/2022,12/17/2022,Vinicius/Edno,NOK,,
,Filtracao 02,CONSUMO NITROGENIO - FILTRACAO (SAP:20116590/41004506),11/28/2022,12/17/2022,Vinicius/Edno,NOK,,
,Filtracao 02,MEDIDOR INICIAL DE LUPULO TETRA,11/28/2022,12/17/2022,Vinicius/Edno,NOK,,
,Filtracao 02,MEDIDOR FINAL DE LUPULO TETRA,11/28/2022,12/17/2022,Vinicius/Edno,NOK,,
,Filtracao 02,GESTAO DO EXTRATO PRIMITIVO NO BLENDADOR,11/28/2022,12/17/2022,Vinicius/Edno,NOK,,
,Filtracao 02,EXTRATO PRIMITIVO NO MATURADOR,11/28/2022,12/17/2022,Vinicius/Edno,NOK,,
,Filtracao 02,HORA INICIO DO ENVIO DA CERVEJA PARA ADP,11/28/2022,12/17/2022,Vinicius/Edno,NOK,,
,Filtracao 02,HORA FINAL DO ENVIO DA CERVEJA PARA ADP,11/28/2022,12/17/2022,Vinicius/Edno,NOK,,
,Filtracao 02,MEDIDOR INICIAL CERVEJA ENVIADA PARA ADP,11/28/2022,12/17/2022,Vinicius/Edno,NOK,,
,Filtracao 02,MEDIDOR FINAL CERVEJA ENVIADA PARA ADP,11/28/2022,12/17/2022,Vinicius/Edno,NOK,,
,Filtracao 02,VOLUME INICIAL DO TP,12/19/2022,12/31/2022,Vinicius/Edno,NOK,,
,Filtracao 02,VOLUME DE CERVEJA REFILTRADA,12/19/2022,12/31/2022,Vinicius/Edno,NOK,,
,Filtracao 02,EXTRATO PRIMITIVO-BLENDAGEM,12/19/2022,12/31/2022,Vinicius/Edno,NOK,,
,Filtracao 02,VOLUME INICIAL TQ PVPP REGENERAVEL,12/19/2022,12/31/2022,Vinicius/Edno,NOK,,
,Filtracao 02,VOLUME FINAL TQ PVPP REGENERAVEL,12/19/2022,12/31/2022,Vinicius/Edno,NOK,,
,L503,TEMPERATURA DO PRODUTO NA SAIDA DO PZ,8/1/2022,8/13/2022,Luis/Edno,AND,Aguardando Aprovacao da Qualidade,
,L503,TEMPO TOTAL DE PASSAGEM DO TERMOGRAFO,8/1/2022,8/13/2022,Luis/Edno,AND,Aguardando Aprovacao da Qualidade,
,L503,TEMPERATURA DE PASTEURIZACAO,8/1/2022,8/13/2022,Luis/Edno,AND,Aguardando Aprovacao da Qualidade,
,L503,UNIDADE DE PASTEURIZACAO TERMOGRAFO,8/1/2022,8/13/2022,Luis/Edno,AND,Aguardando Aprovacao da Qualidade,
,L511,TEMPERATURA DO PRODUTO NA SAIDA DO PZ,8/15/2022,8/27/2022,Luis/Edno,AND,Aguardando Aprovacao da Qualidade,
,L502,ISENCAO DE RESIDUOS CAUSTICOS,10/31/2022,11/19/2022,Luis/Edno,NOK,Processamento de Imagem??? (Python Program),
,L502,LACRACAO ADEQUADA (PASSA),10/31/2022,11/19/2022,Luis/Edno,NOK,Verificar Presenca de Instrumentacao em Campo,
,L502,LACRACAO ADEQUADA (NAO PASSA),10/31/2022,11/19/2022,Luis/Edno,NOK,Verificar Presenca de Instrumentacao em Campo,
,L502,PRESENCA DE ROLHA,11/21/2022,12/10/2022,Luis/Edno,NOK,Verificar Presenca de Instrumentacao em Campo,
,L502,PRESENCA DE ROTULO,11/21/2022,12/10/2022,Luis/Edno,NOK,Verificar Presenca de Instrumentacao em Campo,
,L511,TEMPERATURA DE PASTEURIZACAO,8/15/2022,8/27/2022,Luis/Edno,AND,Aguardando Aprovacao da Qualidade,
,L511,TEMPO TOTAL DE PASSAGEM DO TERMOGRAFO,8/15/2022,8/27/2022,Luis/Edno,AND,Aguardando Aprovacao da Qualidade,
,L511,UNIDADE DE PASTEURIZACAO TERMOGRAFO,8/15/2022,8/27/2022,Luis/Edno,AND,Aguardando Aprovacao da Qualidade,
,L512,TEMPERATURA DO PRODUTO NA SAIDA DO PZ,8/15/2022,8/27/2022,Luis/Edno,AND,Aguardando Aprovacao da Qualidade,
,L512,TEMPERATURA DE PASTEURIZACAO,8/15/2022,8/27/2022,Luis/Edno,AND,Aguardando Aprovacao da Qualidade,
,L503,ISENCAO DE RESIDUOS CAUSTICOS,10/31/2022,11/19/2022,Luis/Edno,NOK,Processamento de Imagem??? (Python Program),
,L503,LACRACAO ADEQUADA (PASSA),10/31/2022,11/19/2022,Luis/Edno,NOK,Verificar Presenca de Instrumentacao em Campo,
,L503,LACRACAO ADEQUADA (NAO PASSA),10/31/2022,11/19/2022,Luis/Edno,NOK,Verificar Presenca de Instrumentacao em Campo,
,L503,PRESENCA DE ROLHA,11/21/2022,12/10/2022,Luis/Edno,NOK,Verificar Presenca de Instrumentacao em Campo,
,L503,PRESENCA DE ROTULO,11/21/2022,12/10/2022,Luis/Edno,NOK,Verificar Presenca de Instrumentacao em Campo,
,L512,TEMPO TOTAL DE PASSAGEM DO TERMOGRAFO,8/15/2022,8/27/2022,Luis/Edno,AND,Aguardando Aprovacao da Qualidade,
,L512,UNIDADE DE PASTEURIZACAO TERMOGRAFO,8/15/2022,8/27/2022,Luis/Edno,AND,Aguardando Aprovacao da Qualidade,
,Brassagem 02,TEMPERATURA DA AGUA GELADA DURANTE O RESFRIAMENTO DE MOSTO,9/19/2022,9/23/2022,Carlos/Edno,OK,Sem Instrumento em Campo - Orcamento Medidor,
,Brassagem 02,VOLUME DE ENXAGUE DO TANQUE INTERMEDIARIO PARA COZINHADOR,9/26/2022,9/30/2022,Carlos/Edno,AND,Mes de Homologacao,
,Brassagem 02,INICIO DA ARRIADA,9/26/2022,9/30/2022,Carlos/Edno,AND,revisar logica e subflow,
,Brassagem 02,TEMPO DE ARMAZENAMENTO - RECUP.ULTIMA AGUA,9/26/2022,9/30/2022,Carlos/Edno,AND,Mes de Homologacao,
,Brassagem 02,SET POINT DE TEMPO TOTAL DE MOSTURA,9/26/2022,9/30/2022,Carlos/Edno,NOK,Aguardando Logica,
,L511,UNIDADE DE PASTEURIZACAO IHM - CERV. LT,10/24/2022,10/29/2022,Luis/Edno,NOK,Aguardando DB - Verificar com Wanderley,
,L511,CONDUTIVIDADE NA ENTRADA - CERV. LT,10/24/2022,10/29/2022,Luis/Edno,NOK,Aguardando Logica Troca de Tanque,
,L511,INTERTRAVAMENTO DO RINSER,10/24/2022,10/29/2022,Luis/Edno,NOK,Aguardando DB - Verificar com Wanderley,
,L511,TEOR DE O2 DISSOLVIDO NA ENTRADA DA ENCHEDORA,10/24/2022,10/29/2022,Luis/Edno,NOK,Aguardando Logica Troca de Tanque,
,L511,CONSUMO DE AGUA DO PZ EM M3 - CERV. LT,10/31/2022,11/12/2022,Luis/Edno,NOK,Aguardando DB - Verificar com Wanderley,
,L511,TESTE DO CONTROLE DE REJEICAO (NIVEL BAIXO),10/31/2022,11/12/2022,Luis/Edno,NOK,Verificar Presenca de Instrumentacao em Campo,
,L511,CURVA PRESSAO / VAZAO CO2 OU N2 ESTRELA GAS,10/24/2022,10/29/2022,Luis/Edno,NOK,Aguardando DB - Verificar com Wanderley,
,L511,INTERTRAVAMENTO DA ENCHEDORA E OXIMETRO IN LINE - CERV.LT,10/24/2022,10/29/2022,Luis/Edno,NOK,Aguardando DB - Verificar com Wanderley,
,L511,TEMPERATURA DO PRODUTO NA ENTRADA DA ECH - CERV. LT,10/24/2022,10/29/2022,Luis/Edno,NOK,Aguardando Logica Troca de Tanque,
,L511,PRESENCA CODIFICACAO E PRAZO DE VALIDADE - CERV. LT,10/1/2022,10/31/2022,Luis/Edno,AND,Processamento de Imagem (Python Program),
,L512,UNIDADE DE PASTEURIZACAO IHM - CERV. LT,10/24/2022,10/29/2022,Luis/Edno,NOK,Aguardando DB - Verificar com Jonas,
,L512,CONDUTIVIDADE NA ENTRADA - CERV. LT,10/24/2022,10/29/2022,Luis/Edno,NOK,Aguardando Logica Troca de Tanque,
,L512,INTERTRAVAMENTO DO RINSER,10/24/2022,10/29/2022,Luis/Edno,NOK,Aguardando DB - Verificar com Jonas,
,L512,TEOR DE O2 DISSOLVIDO NA ENTRADA DA ENCHEDORA,10/24/2022,10/29/2022,Luis/Edno,NOK,Aguardando Logica Troca de Tanque,
,L512,CONSUMO DE AGUA DO PZ EM M3 - CERV. LT,10/24/2022,10/29/2022,Luis/Edno,NOK,Erro no Subflow (Nao Subiu para o MES),
,L512,CURVA PRESSAO / VAZAO CO2 OU N2 ESTRELA GAS,10/24/2022,10/29/2022,Luis/Edno,NOK,Aguardando DB - Verificar com Jonas,
,L512,INTERTRAVAMENTO DA ENCHEDORA E OXIMETRO IN LINE - CERV.LT,10/24/2022,10/29/2022,Luis/Edno,NOK,Aguardando DB - Verificar com Jonas,
,L512,TEMPERATURA DO PRODUTO NA ENTRADA DA ECH - CERV. LT,10/24/2022,10/29/2022,Luis/Edno,NOK,Aguardando Logica Troca de Tanque,
,L512,PRESENCA CODIFICACAO E PRAZO DE VALIDADE - CERV. LT,10/1/2022,10/31/2022,Luis/Edno,NOK,Processamento de Imagem (Python Program),
,L512,TESTE DO CONTROLE DE REJEICAO (NIVEL BAIXO),10/31/2022,11/12/2022,Luis/Edno,NOK,Verificar Presenca de Instrumentacao em Campo,
,Maturacao,TEMPERATURA DA MATURACAO,11/7/2022,11/12/2022,Carlos/Edno,NOK,,
,Maturacao,VAZAO DA CENTRIFUGA,11/7/2022,11/12/2022,Carlos/Edno,NOK,,
,Maturacao,TEMPERATURA DA CERVEJA - RESFRIAMENTO DA CERVEJA (PT-100 SAIDA RESFR),11/7/2022,11/12/2022,Carlos/Edno,NOK,,
,Maturacao,O2 ENTRADA DA CENTRIFUGA,11/7/2022,11/12/2022,Carlos/Edno,NOK,,
,Maturacao,O2 CERVEJA CENTRIFUGADA (PERIODICO NO TQ MATURADOR),11/7/2022,11/12/2022,Carlos/Edno,NOK,,
,Maturacao,OXIGENIO DISSOLVIDO SAIDA CENTRIFUGA ANTES RESFRIADOR,11/7/2022,11/12/2022,Carlos/Edno,NOK,,
,Maturacao,OXIGENIO DISSOLVIDO NA TUBULACAO ENTRADA MATURADOR,11/7/2022,11/12/2022,Carlos/Edno,NOK,,
,Maturacao,OXIGENIO DISSOLVIDO SAIDA CENTRIFUGA NO DESLODAMENTO,11/7/2022,11/12/2022,Carlos/Edno,NOK,,
,Maturacao,OXIGENIO DISSOLV AGUA DESAERADA ENTR MATURADOR FINAL DESAERACAO,11/7/2022,11/12/2022,Carlos/Edno,NOK,,
,Maturacao,OXIGENIO NO INICIO DA CENTRIFUGACAO,11/7/2022,11/12/2022,Carlos/Edno,NOK,,
,Maturacao,OXIGENIO NO FINAL DA CENTRIFUGACAO,11/7/2022,11/12/2022,Carlos/Edno,NOK,,
,Maturacao,VAZAO NOMINAL DA CENTRIFUGA,11/7/2022,11/12/2022,Carlos/Edno,NOK,,
,Maturacao,VAZAO DE INICIO DE TRANSFEGA (CENTRIFUGACAO),11/7/2022,11/12/2022,Carlos/Edno,NOK,,
,Maturacao,INICIO DO RESFRIAMENTO DA CERVEJA FERMENTADA,11/7/2022,11/12/2022,Carlos/Edno,NOK,,
,Maturacao,DATA QUE ATINGIU A ESPECIFIC.MAX.DE TEMPERATURA MATURACAO - INICIO MATUR,11/7/2022,11/12/2022,Carlos/Edno,NOK,,
,Maturacao,VOLUME PARCIAL TRSFEGADO/CENTRIFUGADO - PERIODICO,11/14/2022,11/19/2022,Carlos/Edno,NOK,,
,Maturacao,INTERVALO DE DESLODAMENTO,11/14/2022,11/19/2022,Carlos/Edno,NOK,,
,Maturacao,PROPORCAO DA VAZAO DA CENTRIFUGA NO INICIO DA CENTRIFUGACAO,11/14/2022,11/19/2022,Carlos/Edno,NOK,,
,Maturacao,INTERVALO MAXIMO ENTRE OS DESLODAMENTOS,11/14/2022,11/19/2022,Carlos/Edno,NOK,,
,Maturacao,MAIOR PICO DE OXIGENIO DURANTE A CENTRIFUGACAO,11/14/2022,11/19/2022,Carlos/Edno,NOK,,
,Maturacao,TEMPO DE DURACAO DE OXIGENIO FORA DE ESPECIFICACAO,11/14/2022,11/19/2022,Carlos/Edno,NOK,,
,Maturacao,DISTANCIA AO GRAU FINAL (MATURACAO) - HG,11/14/2022,11/19/2022,Carlos/Edno,NOK,,
,Maturacao,ISOCOMPOSTOS,11/14/2022,11/19/2022,Carlos/Edno,NOK,,
,Maturacao,TANQUE CENTRIFUGADO,11/14/2022,11/19/2022,Carlos/Edno,NOK,,
,Maturacao,TANQUE DE ORIGEM,11/14/2022,11/19/2022,Carlos/Edno,NOK,,
,Qualidade,RESULTADO LUMINOMETRO,10/17/2022,10/29/2022,Vinicius/Edno,AND,,
,Utilidades,PRESSAO DE DISTRIBUICAO DE AR COMPRIMIDO,10/1/2022,10/22/2022,Vinicius,OK,,
,Utilidades,PRESSAO DE DISTRIBUICAO DO VAPOR,10/1/2022,10/22/2022,Vinicius,OK,,
,Utilidades,PRESSAO DA FORNALHA DE CALDEIRA DE BIOMASSA,10/1/2022,10/22/2022,Vinicius,OK,,
,Utilidades,TEMPERATURA ETANOL DE ENVIO PARA O PROCESSO NA SAIDA TQ (ZERO),10/1/2022,10/22/2022,Vinicius,OK,,
,Utilidades,TEMPERATURA DA AGUA GELADA PARA RESFRIAMENTO DO MOSTO (ZERO),10/1/2022,10/22/2022,Vinicius,OK,,
,Utilidades,PRESSAO DE SUCCAO DO SISTEMA (ZERO),10/1/2022,10/22/2022,Vinicius,OK,,
,Utilidades,NIVEL DOS TANQUES DE ACUMULACAO (ZERO),10/1/2022,10/22/2022,Vinicius,OK,,
,Utilidades,TEMPERATURA ETANOL DE ENVIO PARA O PROCESSO NA SAIDA TQ (NEGATIVO),10/1/2022,10/22/2022,Vinicius,OK,,
,Utilidades,TEMPERATURA DA AGUA GELADA PARA RESFRIAMENTO DO MOSTO (NEGATIVO),10/1/2022,10/22/2022,Vinicius,OK,,
,Utilidades,PRESSAO DE SUCCAO DO SISTEMA (NEGATIVO),10/1/2022,10/22/2022,Vinicius,OK,,
,Utilidades,NIVEL DOS TANQUES DE ACUMULACAO (NEGATIVO),10/1/2022,10/22/2022,Vinicius,OK,,
,Utilidades,PUREZA DE INCONDENSAVEIS NO TOPO DO CONDENSADOR,10/24/2022,10/29/2022,Vinicius,AND,Erro no Subflow (Nao Subiu para o MES),
,Utilidades,PRODUCAO DIARIA DE CO2,10/24/2022,10/29/2022,Vinicius,OK,,
,Utilidades,UMIDADE NO CO2 DE DISTRIBUICAO,10/24/2022,10/29/2022,Vinicius,AND,Erro no Subflow (Nao Subiu para o MES),
,Utilidades,PRESSAO DE DISTRIBUICAO,10/24/2022,10/29/2022,Vinicius,AND,Erro no Subflow (Nao Subiu para o MES),